model_name,training_time_seconds
PPM-NN_total,62.45244860649109
PPM-NN_total,52.73742055892944
PPM-NN_total,126.27840447425842
PPM-NN_total,82.85823082923889
PPM-NN_total,57.69366097450256
PPM-NN_total,53.949482440948486
PPM-NN_total,71.84602856636047
